,city,cloudiness,country,humidity,lat,temp,wind
0,longyearbyen,40,sj,64,78.22,1.3999999999999773,2.6
1,andra,88,ru,81,62.52,17.583800000000053,2.85
2,hastings,75,gb,93,50.86,57.00200000000001,8.7
3,mabaruma,64,gy,70,8.2,82.47379999999993,3.9
4,miraflores,92,co,100,5.2,53.808800000000076,1.05
5,letlhakane,24,bw,25,-21.42,96.55880000000008,1.3
6,matay,0,eg,26,28.42,69.60200000000003,4.1
7,abong mbang,56,cm,62,3.98,82.02379999999988,0.5
8,pishin,92,pk,100,30.58,36.618799999999965,1.3
9,chapayevka,68,ua,62,47.47,30.813799999999958,6.15
10,banda aceh,80,id,86,5.56,79.23380000000003,1.6
11,hwange,24,zw,32,-18.35,94.08380000000005,2.05
12,lutin,90,cz,52,49.56,46.99400000000003,4.1
13,nuuk,75,gl,99,64.17,31.999999999999943,2.1
14,skibbereen,75,ie,93,51.55,51.799999999999955,14.4
15,conneaut,90,us,92,41.95,30.00200000000001,1.5
16,paamiut,0,gl,90,61.99,30.813799999999958,4.0
17,korop,0,ua,78,51.57,22.218799999999987,4.35
18,kruisfontein,56,za,70,-34.0,67.30880000000008,2.2
19,roatan,0,hn,78,16.32,80.59999999999997,8.2
20,sudbury,90,ca,85,46.49,19.003999999999962,3.6
21,pozo colorado,0,py,66,-23.49,91.60880000000003,3.1
22,tsumeb,12,na,25,-19.25,93.7688,3.9
23,bongouanou,92,ci,25,6.65,92.6438,1.95
24,ashtabula,90,us,92,41.87,30.19999999999999,1.5
25,banfora,0,bf,20,10.64,91.56379999999996,3.55
26,kiwira,44,tz,75,-9.17,71.98879999999991,1.25
27,sambava,68,mg,100,-14.27,81.66379999999998,5.6
28,belvedere marittimo,0,it,67,39.62,60.00799999999998,0.45
29,andenes,0,no,45,69.31,22.999999999999943,2.1
30,ballina,75,ie,87,54.11,49.99999999999994,10.3
31,elizabeth city,90,us,100,36.3,40.99999999999994,3.7
32,cape town,75,za,69,-33.93,75.99200000000002,4.1
33,abu dhabi,40,ae,45,24.47,67.99999999999994,7.7
34,port-cartier,5,ca,61,50.03,12.199999999999989,2.6
35,uga,12,ng,84,7.28,84.40879999999999,2.6
36,sao gabriel da cachoeira,64,br,84,-0.13,81.61880000000002,1.25
37,oschatz,75,de,86,51.3,44.99599999999998,3.1
38,vermilion,90,us,74,41.42,28.994000000000028,3.1
39,mtwara,75,tz,79,-10.28,85.99999999999994,5.1
40,gamba,56,ga,100,-2.72,81.1237999999999,0.9
41,mwinilunga,88,zm,100,-11.73,66.72379999999993,1.55
42,moose factory,90,ca,84,51.26,-2.2000000000000455,1.0
43,castlerea,75,ie,87,53.77,49.99999999999994,10.3
44,piney green,90,us,100,35.09,44.599999999999966,1.5
45,banamba,0,ml,20,13.55,86.70200000000006,3.45
46,rudbar,0,af,75,30.15,54.61880000000002,3.4
47,nalut,0,ly,64,31.86,62.85200000000003,5.1
48,anori,80,br,72,-3.74,85.8938,2.95
49,tera,0,ne,19,14.01,90.48380000000003,3.1
50,the valley,20,ai,61,18.22,82.00399999999996,7.7
51,albany,64,au,93,-35.02,57.19999999999999,2.6
52,bruck an der mur,75,at,66,47.41,53.995999999999924,1.5
53,tiznit,8,ma,80,29.7,65.68879999999996,2.55
54,vigrestad,75,no,93,58.57,40.99999999999994,7.2
55,ios,68,gr,63,36.73,62.995999999999924,4.6
56,bolama,0,gw,16,11.58,87.80000000000001,6.2
57,sept-iles,5,ca,61,50.2,12.199999999999989,2.6
58,kutum,0,sd,18,14.2,83.86880000000002,3.05
59,aripuana,44,br,70,-9.17,85.75880000000001,1.35
60,iracoubo,56,gf,61,5.48,83.68879999999996,3.1
61,belmonte,0,br,68,-26.84,84.81379999999996,2.2
62,orangeville,90,ca,73,43.92,28.994000000000028,1.5
63,talnakh,80,ru,83,69.49,15.28879999999998,7.25
64,dzaoudzi,40,yt,74,-12.79,87.80000000000001,5.7
65,alcantarilla,0,es,27,37.97,73.39999999999992,1.5
66,henties bay,0,na,78,-22.12,71.00600000000003,3.13
67,suslonger,20,ru,57,56.32,19.399999999999977,7.0
68,kristianstad,56,se,90,56.03,37.39999999999998,4.6
69,surgut,90,ru,85,61.25,24.799999999999955,5.0
70,pointe michel,75,dm,54,15.25,80.59999999999997,3.1
71,orel-izumrud,90,ru,75,43.46,42.799999999999955,2.0
72,abnub,0,eg,40,27.27,67.99999999999994,6.7
73,atar,0,mr,10,20.52,84.09379999999993,4.4
74,santa fe,20,cu,94,23.13,69.80000000000001,1.0
75,stromness,20,gb,87,58.97,48.00200000000001,5.7
76,newry,75,gb,93,54.18,48.99199999999996,7.7
77,la asuncion,12,ve,89,11.03,79.59379999999993,6.55
78,shu,68,kz,31,43.6,53.043799999999976,3.9
79,klaksvik,44,fo,75,62.23,44.599999999999966,3.6
80,reftinskiy,0,ru,74,57.09,30.19999999999999,6.0
81,skjervoy,24,no,100,70.03,21.588799999999935,3.2
82,lodja,24,cd,67,-3.52,85.03879999999998,2.05
83,margherita di savoia,20,it,67,41.37,58.99999999999994,6.2
84,mecca,0,sa,30,21.43,72.8888,4.85
85,santander,0,es,52,43.46,66.19999999999999,3.1
86,urbino,12,it,66,43.73,64.00399999999996,4.6
87,baghdad,20,iq,34,33.3,64.39999999999992,3.1
88,kavaratti,12,in,100,10.57,81.75200000000001,2.65
89,pisco,0,pe,30,-13.71,71.59999999999997,1.5
90,kalnibolotskaya,0,ru,92,46.01,33.99799999999999,5.55
91,ponta do sol,40,pt,68,32.67,66.19999999999999,5.1
92,porto novo,20,cv,53,17.02,76.99999999999994,11.3
93,mashhad,40,ir,54,36.3,53.599999999999966,3.1
94,vardo,0,no,66,70.37,13.999999999999943,7.7
95,jos,40,ng,28,9.92,85.99999999999994,1.5
96,dhidhdhoo,24,mv,100,6.88,83.23879999999991,3.35
97,ormara,0,pk,91,25.21,70.00880000000001,5.9
98,cangas,40,es,77,42.26,62.00600000000003,3.1
99,cayenne,88,gf,83,4.94,78.80000000000001,4.1
100,singarayakonda,0,in,76,15.25,78.69379999999995,3.3
101,casablanca,0,ma,56,33.6,69.80000000000001,3.1
102,shuyskoye,56,ru,82,59.37,14.208800000000053,3.95
103,pallasovka,88,ru,94,50.04,31.8938,6.9
104,cuamba,56,mz,92,-14.8,77.11880000000002,1.8
105,kayes,0,ml,20,14.44,89.85200000000003,3.9
106,solwezi,24,zm,61,-12.18,79.77379999999988,2.0
107,nouadhibou,0,mr,11,20.93,78.80000000000001,2.1
108,ndele,0,cf,23,8.41,98.31379999999996,4.2
109,hammerfest,80,no,67,70.66,21.19999999999999,5.7
110,saint-joseph,0,re,66,-21.37,87.80000000000001,3.6
111,macherla,8,in,63,16.48,79.81879999999995,4.15
112,kalengwa,80,zm,54,-13.47,83.6438,2.65
113,riga,90,lv,80,56.95,33.799999999999955,6.2
114,diamantina,32,br,81,-18.24,78.60200000000003,1.85
115,umm kaddadah,0,sd,9,13.6,87.5138,5.25
116,mayumba,36,ga,96,-3.44,81.75200000000001,3.2
117,dikson,12,ru,70,73.51,-5.816200000000038,4.35
118,kaniama,44,cd,82,-7.57,76.08380000000005,1.6
119,dzyhivka,0,ua,51,48.36,31.999999999999943,1.79
120,pangody,80,ru,75,65.85,17.763799999999947,5.3
121,warrington,90,us,92,40.25,33.99799999999999,2.65
122,mar del plata,24,ar,47,-46.43,67.53379999999999,5.45
123,cap malheureux,75,mu,70,-19.98,85.99999999999994,6.7
124,chongwe,12,zm,31,-15.33,86.3888,3.35
125,kisangani,20,cd,61,0.52,88.45880000000005,1.25
126,beloha,80,mg,80,-25.17,83.95880000000005,2.5
127,gibara,20,cu,88,21.11,73.39999999999992,1.0
128,ust-tsilma,24,ru,71,65.44,5.973799999999926,2.45
129,adrar,0,dz,17,27.87,75.19999999999999,3.6
130,melfi,0,td,18,11.06,101.28379999999999,4.35
131,cay,88,tr,52,38.59,45.57379999999989,1.65
132,dover,90,us,100,39.16,37.39999999999998,4.1
133,bandhi,40,pk,82,26.59,60.80000000000001,3.1
134,karak,92,pk,96,33.12,46.15880000000004,2.2
135,gap,0,fr,45,44.56,55.00399999999996,2.68
136,teguise,75,es,68,29.06,66.19999999999999,6.2
137,verkhneuralsk,90,ru,85,53.88,19.399999999999977,3.0
138,soyo,75,ao,78,-6.13,82.39999999999992,3.6
139,mannarakkat,75,in,74,10.98,89.59999999999997,4.1
140,arraial do cabo,40,br,78,-22.97,82.39999999999992,3.1
141,sainte-marie,64,re,66,-20.9,87.80000000000001,7.7
142,aleksandrovsk,80,ru,79,59.16,22.999999999999943,0.89
143,lucapa,56,ao,86,-8.42,74.91379999999998,1.95
144,luau,48,ao,75,-10.71,75.81379999999996,1.65
145,coihaique,75,cl,62,-45.58,53.599999999999966,1.0
146,talara,75,pe,290,-4.58,62.599999999999966,2.6
147,penzance,75,gb,93,50.12,55.99399999999997,11.8
148,kedougou,0,sn,17,12.56,92.41879999999998,3.45
149,misratah,0,ly,63,32.38,63.61880000000002,10.55
150,kelo,0,td,15,9.31,102.90199999999999,3.0
151,domat,0,ch,40,46.83,51.00799999999998,4.6
152,bonthe,0,sl,41,7.53,94.35200000000003,1.9
153,belyy yar,56,ru,80,53.6,30.19999999999999,1.0
154,tyukhtet,20,ru,66,56.54,11.958800000000053,1.15
155,carnarvon,48,au,73,-24.87,75.19999999999999,9.8
156,teeli,12,ru,69,51.01,4.668799999999976,1.0
157,bathsheba,75,bb,61,13.22,76.99999999999994,12.9
158,edremit,75,tr,35,38.43,39.19999999999999,3.6
159,berlevag,76,no,100,70.86,21.633800000000008,4.6
160,zaltan,0,ly,69,32.95,62.98879999999991,4.8
161,jamestown,44,sh,99,-15.94,77.34379999999993,6.8
162,south river,20,ca,45,47.54,28.003999999999962,15.4
163,oussouye,0,sn,55,12.49,81.75200000000001,3.4
164,mahebourg,75,mu,70,-20.41,85.99999999999994,6.7
165,narsaq,75,gl,29,60.91,37.39999999999998,13.4
166,hithadhoo,0,mv,100,-0.6,83.0138,6.35
167,elmira,90,us,86,42.09,33.00799999999998,1.15
168,salalah,20,om,74,17.01,82.39999999999992,3.6
169,puerto baquerizo moreno,0,ec,88,-0.9,76.99999999999994,1.5
170,puerto guzman,8,co,79,0.97,67.93879999999996,0.8
171,washington,90,us,93,38.9,35.99599999999998,3.6
172,rovaniemi,0,fi,61,66.5,15.799999999999955,8.7
173,santo antonio do sudoeste,0,br,42,-26.07,89.04379999999998,1.5
174,trairi,44,br,100,-3.28,78.46879999999993,1.9
175,alta floresta,75,br,78,-9.87,82.39999999999992,2.6
176,joshimath,76,in,92,30.57,14.838799999999935,0.5
177,kidal,0,ml,19,18.44,83.41879999999998,2.2
178,porangatu,20,br,97,-13.44,82.38380000000001,2.0
179,piacabucu,0,br,51,-10.41,91.60880000000003,5.2
180,sabattus,90,us,68,44.12,28.994000000000028,4.6
181,necochea,76,ar,60,-38.55,67.99999999999994,4.02
182,husavik,75,is,86,66.04,28.399999999999977,2.6
183,pemba,75,mz,74,-12.97,85.99999999999994,4.1
184,naryan-mar,56,ru,56,67.67,2.7338000000000306,4.85
185,otjiwarongo,56,na,76,-20.46,73.33879999999994,3.85
186,vilcun,75,cl,100,-38.65,57.99200000000002,1.45
187,praia da vitoria,75,pt,93,38.73,60.99799999999999,15.8
188,saldanha,24,za,61,-33.01,78.80000000000001,5.1
189,tucurui,12,br,76,-3.77,84.85880000000003,1.35
190,rosetta,20,eg,45,31.4,64.39999999999992,7.7
191,malumfashi,0,ng,20,11.79,93.00200000000001,4.75
192,murmashi,0,ru,77,68.82,3.1999999999999886,1.0
193,altamira,75,br,78,-3.2,80.59999999999997,1.0
194,tarko-sale,88,ru,87,64.92,17.99599999999998,7.35
195,kobryn,75,by,50,52.21,30.19999999999999,4.0
196,gurlan,90,uz,75,41.84,48.19999999999999,6.2
197,osakarovka,0,kz,87,50.56,29.508800000000008,5.75
198,ajdabiya,0,ly,39,30.75,66.18380000000008,8.45
199,polyarnyy,0,ru,77,69.2,3.1999999999999886,1.0
200,bad wildungen,90,de,75,51.12,48.00200000000001,4.6
201,dzhuryn,0,ua,51,49.03,35.599999999999966,5.0
202,luangwa,0,zm,40,-12.88,84.99380000000002,2.65
203,bardiyah,88,ly,73,31.76,64.5188,5.55
204,fernandopolis,92,br,99,-20.28,74.82379999999995,3.65
205,tucupita,68,ve,54,9.06,87.55880000000008,3.85
206,karla,0,ee,51,59.37,39.99199999999996,10.8
207,macapa,75,br,100,0.05,78.80000000000001,5.1
208,antofagasta,75,cl,73,-23.65,69.80000000000001,1.5
209,progreso,0,mx,69,20.25,59.34379999999993,1.6
210,wyszkow,20,pl,47,52.59,39.00200000000001,3.1
211,kharp,64,ru,58,66.82,-6.896199999999965,1.6
212,grindavik,40,is,86,63.84,39.19999999999999,2.6
213,careiro da varzea,0,br,78,-3.2,82.39999999999992,2.6
214,saint-pierre,75,pm,58,46.77,28.399999999999977,12.9
215,mocuba,68,mz,82,-16.84,81.93380000000008,1.8
216,belle glade,1,us,78,26.68,78.00799999999998,2.2
217,punta arenas,75,cl,87,-53.16,49.99999999999994,1.5
218,asilah,75,ma,67,35.47,69.80000000000001,5.1
219,hermanus,32,za,83,-34.42,73.99399999999997,1.79
220,marystown,36,ca,100,47.17,30.991999999999962,12.05
221,kortkeros,20,ru,66,61.81,15.799999999999955,1.65
222,korla,0,cn,71,41.76,22.668799999999976,0.9
223,lucea,20,jm,74,18.44,82.00399999999996,2.6
224,rodrigues alves,90,br,100,-7.74,75.19999999999999,1.55
225,najran,5,sa,12,17.54,84.19999999999999,4.1
226,altenholz,75,de,89,54.4,46.99400000000003,4.1
227,damaturu,0,ng,17,11.75,99.3938,3.7
228,quatre cocos,75,mu,70,-20.21,85.99999999999994,6.7
229,kashi,20,cn,19,39.45,44.599999999999966,1.0
230,yar-sale,64,ru,75,66.83,-3.6580000000000155,1.2
231,brufut,5,gm,15,13.38,87.80000000000001,8.2
232,constitucion,0,cl,80,-35.33,63.61880000000002,3.85
233,kathmandu,40,np,66,27.71,55.39999999999992,2.1
234,boende,0,cd,63,-0.28,85.6237999999999,1.95
235,aksarka,56,ru,61,66.56,-7.708000000000027,2.45
236,bahia blanca,0,ar,67,-38.72,70.00880000000001,2.7
237,bubaque,0,gw,68,11.28,86.79379999999998,4.5
238,shache,48,cn,97,38.42,33.99799999999999,1.3
239,kattivakkam,20,in,66,13.22,84.19999999999999,3.6
240,maceio,75,br,55,-9.67,85.99999999999994,2.6
241,krasnoarmeyskoye,75,ru,68,51.2,26.99599999999998,7.0
242,rio gallegos,75,ar,81,-51.62,53.599999999999966,1.5
243,victoria,40,sc,62,-4.62,89.59999999999997,2.6
244,ilebo,12,cd,62,-4.33,87.69379999999995,1.3
245,ashqelon,75,il,77,31.67,58.99999999999994,4.6
246,muros,40,es,71,42.77,60.00799999999998,5.1
247,urucara,56,br,76,-2.54,83.86880000000002,1.95
248,giyani,0,za,68,-23.32,87.0188,1.85
249,tegh,36,am,58,39.56,29.958800000000053,2.4
250,luderitz,0,na,72,-26.65,69.10880000000003,9.6
251,bertoua,20,cm,51,4.58,88.41379999999998,2.65
252,vila velha,40,br,74,-3.71,84.19999999999999,3.6
253,iquitos,75,pe,319,-3.75,42.799999999999955,2.1
254,madimba,75,tz,79,-10.4,85.99999999999994,5.1
255,marienburg,40,sr,65,5.88,82.99399999999997,2.1
256,nokaneng,24,bw,34,-19.66,96.06379999999996,3.1
257,muli,80,mv,100,2.92,82.96879999999993,4.65
258,log,56,ru,92,49.48,30.813799999999958,4.95
259,roscrea,88,ie,91,52.95,53.995999999999924,10.0
260,ilulissat,75,gl,79,69.22,21.19999999999999,6.7
261,diamantino,20,br,81,-14.4,83.50880000000001,2.2
262,abha,0,sa,37,18.22,73.39999999999992,6.7
263,nagua,20,do,94,19.37,76.99999999999994,2.65
264,vilhena,75,br,83,-12.74,76.99999999999994,3.6
265,mehamn,76,no,88,71.03,22.30880000000002,4.95
266,polovragi,68,ro,71,45.17,45.84379999999999,1.85
267,kosh-agach,12,ru,66,49.99,6.5137999999999465,1.15
268,hualmay,0,pe,60,-11.1,79.90879999999999,2.05
269,santa vitoria do palmar,0,br,73,-33.52,78.96379999999994,6.95
270,cesvaine,88,lv,84,56.97,30.813799999999958,6.25
271,kishi,12,ng,34,9.08,90.1237999999999,4.4
272,saint-philippe,0,re,62,-21.36,87.80000000000001,2.1
273,trinidad,75,bo,83,-14.83,80.59999999999997,3.6
274,thompson,40,ca,74,55.74,-22.000000000000057,2.6
275,sao joao da barra,0,br,66,-21.64,84.19999999999999,2.1
276,robertsport,8,lr,96,6.75,83.41879999999998,3.5
277,farkhor,90,tj,66,37.49,60.80000000000001,1.0
278,mosquera,75,co,87,4.71,55.39999999999992,3.1
279,san carlos de bariloche,40,ar,71,-41.13,49.99999999999994,0.5
280,tacuarembo,0,uy,70,-31.73,82.06879999999995,5.15
281,los llanos de aridane,75,es,56,28.66,67.99999999999994,3.6
282,georgetown,0,sh,100,-7.93,81.1237999999999,6.45
283,ribeira grande,75,pt,88,38.52,62.599999999999966,9.8
284,tougue,0,gn,18,11.45,88.86379999999991,2.5
285,plouzane,90,fr,81,48.38,55.99399999999997,11.3
286,gersthofen,90,de,75,48.42,48.00200000000001,5.1
287,geraldton,90,ca,76,49.72,-9.400000000000034,1.5
288,artigas,0,uy,52,-30.4,87.8737999999999,5.45
289,pau brasil,32,br,64,-15.46,88.32379999999995,3.0
290,wana,92,pk,100,32.31,32.52379999999988,1.1
291,naumburg,90,de,75,51.15,46.00399999999996,4.6
292,akdepe,90,tm,70,42.05,48.19999999999999,7.2
293,mamlyutka,0,kz,85,54.94,15.799999999999955,7.0
294,marsh harbour,0,bs,97,26.54,76.98380000000003,3.0
295,pasni,0,pk,94,25.26,69.33380000000005,5.5
296,nadym,80,ru,84,65.53,17.98879999999997,2.35
297,liwonde,64,mw,77,-15.05,81.16879999999998,1.8
298,pitimbu,75,br,83,-7.47,80.59999999999997,3.6
299,mogadishu,24,so,100,2.04,79.59379999999993,4.25
300,lipari,40,it,76,38.47,60.00799999999998,6.7
301,port elizabeth,0,za,64,-33.92,75.19999999999999,6.2
302,jumla,0,np,86,29.28,23.073799999999892,0.85
303,caconda,32,ao,87,-13.73,71.94379999999995,2.25
304,nara,0,ml,20,15.17,85.71379999999994,3.45
305,nantucket,75,us,100,41.28,33.99799999999999,9.3
306,thinadhoo,8,mv,100,0.53,82.60880000000003,5.8
307,rio grande,0,br,51,-32.03,82.39999999999992,3.1
308,xai-xai,12,mz,82,-25.04,85.44379999999995,5.1
309,pangnirtung,8,ca,66,66.15,-9.686199999999928,0.3
310,porlamar,12,ve,89,10.96,79.59379999999993,6.55
311,sistranda,90,no,100,63.73,35.99599999999998,2.6
312,caucaia,40,br,74,-3.73,84.19999999999999,3.6
313,arkhangelskoye,0,ru,82,54.46,15.602000000000032,3.3
314,harduaganj,92,in,87,27.95,59.702000000000055,1.3
315,port alfred,48,za,76,-33.59,73.99399999999997,1.34
316,huambo,64,ao,90,-12.78,69.69379999999995,1.45
317,nanga eboko,36,cm,38,4.68,91.83380000000005,2.75
318,dalbandin,0,pk,93,28.9,51.15199999999999,1.95
319,altay,0,cn,61,47.83,9.302000000000021,1.0
320,namibe,20,ao,54,-15.19,84.19999999999999,5.7
321,manono,88,cd,69,-7.3,81.70880000000005,1.4
322,caravelas,8,br,100,-17.73,82.65199999999999,3.9
323,corleone,75,it,82,37.81,60.00799999999998,4.6
324,olinda,75,br,83,-22.82,80.59999999999997,1.5
325,ous,88,ru,70,60.91,17.718799999999987,2.9
326,porto empedocle,40,it,44,37.29,60.80000000000001,5.7
327,urubicha,68,bo,86,-15.63,79.77379999999988,1.65
328,qaqortoq,75,gl,29,60.72,37.39999999999998,13.4
329,narodychi,0,ua,48,51.2,28.293799999999976,5.1
330,chipinge,0,zw,53,-20.19,85.53379999999999,3.0
331,duma,75,sy,58,33.57,53.599999999999966,10.3
332,valparaiso,90,cl,100,-33.04,58.99999999999994,2.1
333,salym,88,ru,77,60.06,25.77379999999988,3.85
334,buarcos,40,pt,77,40.16,69.99799999999999,3.6
335,chuy,0,uy,73,-33.69,78.96379999999994,6.95
336,villa carlos paz,0,ar,40,-31.42,73.99399999999997,5.1
337,male,75,mv,74,4.17,84.19999999999999,2.6
338,arbazh,0,ru,72,57.68,11.958800000000053,5.45
339,lotoshino,32,ru,79,56.23,19.201999999999998,3.75
340,dakar,0,sn,10,14.69,84.19999999999999,5.1
341,meulaboh,56,id,100,4.14,81.66379999999998,0.65
342,hamilton,75,bm,88,32.3,69.99799999999999,5.1
343,idenao,20,cm,62,4.25,89.59999999999997,5.7
344,plettenberg bay,64,za,93,-34.05,66.72379999999993,1.8
345,krivodol,76,bg,99,43.37,51.99799999999999,3.1
346,oranjemund,12,na,85,-28.55,64.92379999999986,8.0
347,nhamunda,48,br,94,-2.19,79.23380000000003,1.4
348,parrita,0,cr,64,9.52,71.99599999999992,3.1
349,sao filipe,0,cv,78,14.9,75.36379999999991,8.45
350,calahorra,0,es,34,42.3,66.19999999999999,5.1
351,crotone,20,it,62,39.09,58.99999999999994,9.8
352,wloszczowa,0,pl,47,50.85,39.00200000000001,2.24
353,obukhiv,0,ua,67,50.11,31.999999999999943,7.0
354,fredericton,1,ca,71,45.97,21.991999999999962,3.1
355,antalaha,88,mg,92,-14.9,79.86379999999991,3.2
356,morant bay,20,jm,61,17.88,78.80000000000001,1.5
357,hobyo,8,so,73,5.35,79.81879999999995,3.8
358,marawi,0,sd,11,18.48,81.61880000000002,4.8
359,seversk,75,ru,85,56.6,26.00600000000003,1.5
360,vani,90,ge,75,42.09,46.39999999999998,5.7
361,jeremie,0,ht,85,18.65,80.53879999999998,1.2
362,kabinda,32,cd,84,-6.14,81.66379999999998,3.1
363,chimbote,12,pe,73,-9.08,77.16379999999998,1.25
364,east london,20,za,61,-33.02,76.99999999999994,6.2
365,souillac,75,mu,70,-20.52,85.99999999999994,6.7
366,yuryevets,36,ru,85,57.32,11.91379999999998,2.9
367,narsimhapur,0,in,40,17.14,73.65199999999999,4.0
368,general roca,0,ar,48,-39.03,64.39999999999992,2.1
369,ortakoy,75,tr,28,38.74,55.39999999999992,6.2
370,obodivka,20,ua,66,49.63,29.102000000000032,4.0
371,jaciara,12,br,65,-15.95,88.68380000000008,2.6
372,vila do maio,0,cv,44,15.13,80.59999999999997,6.7
373,dawlatabad,76,af,91,36.41,42.8737999999999,1.95
374,mkushi,20,zm,40,-13.61,84.00200000000001,3.75
375,koslan,0,ru,76,63.46,4.488799999999969,1.6
376,nynashamn,0,se,52,58.9,44.99599999999998,8.2
377,verkhnyaya inta,56,ru,52,65.99,7.188799999999958,3.55
378,ponta do sol,20,cv,53,17.2,76.99999999999994,11.3
379,carmo do rio claro,92,br,100,-20.97,70.36880000000002,2.55
380,vicuna,90,cl,82,-30.03,60.80000000000001,0.65
381,forssa,90,fi,87,60.82,37.00399999999996,6.7
382,seydisehir,20,tr,75,37.42,40.75880000000001,0.9
383,tarare,68,fr,71,45.89,49.99999999999994,5.1
384,turbat,0,pk,90,26.0,56.3737999999999,2.6
385,quartucciu,0,it,48,39.25,66.19999999999999,4.6
386,buraydah,75,sa,42,26.33,64.39999999999992,2.6
387,bayji,0,iq,46,34.93,56.463799999999935,1.85
388,dzhalil,80,ru,94,55.02,31.8938,4.9
389,san jose,75,bo,83,-17.94,78.80000000000001,6.2
390,mayor pablo lagerenza,0,py,65,-19.93,90.84379999999993,5.55
391,lebu,56,cl,91,-37.62,56.82379999999995,8.4
392,grand gaube,75,mu,70,-20.01,85.99999999999994,6.7
393,kudahuvadhoo,36,mv,100,2.67,82.11379999999991,5.0
394,qaanaaq,0,gl,64,77.48,-9.191200000000038,4.35
395,bredasdorp,48,za,65,-34.53,76.99999999999994,5.1
396,carbondale,90,us,83,37.73,37.99400000000003,2.6
397,riberalta,75,bo,88,-11.0,78.80000000000001,1.3
398,yining,92,cn,97,29.04,45.43879999999996,1.15
399,le port,64,re,66,-20.94,87.80000000000001,7.7
400,bilaspur,0,in,64,22.08,68.88380000000001,0.45
401,el progreso,8,pa,65,8.95,82.39999999999992,2.55
402,paita,75,pe,290,-5.09,62.599999999999966,2.6
403,san-pedro,8,ci,93,4.75,84.1388,4.7
404,rocha,0,uy,58,-34.48,75.31879999999995,7.15
405,riyadh,0,sa,18,24.63,69.80000000000001,1.5
406,sinjar,32,iq,53,36.32,52.50200000000001,2.05
407,tamandare,32,br,84,-8.28,82.5188,1.65
408,ilo,8,pe,68,-17.65,76.35200000000003,1.65
409,rawson,24,ar,43,-43.3,71.58380000000005,4.0
410,buchlovice,90,cz,52,49.09,46.99400000000003,4.1
411,changji,80,cn,91,32.07,40.93879999999996,1.3
412,la primavera,64,co,36,5.49,94.08380000000005,5.5
413,cockburn town,56,tc,95,21.46,78.42379999999986,8.35
414,gusau,56,ng,22,12.17,90.43879999999996,4.55
415,bosaso,8,so,99,11.28,78.33380000000005,1.65
416,ushuaia,75,ar,87,-54.81,51.799999999999955,2.6
417,chapais,90,ca,77,49.78,-0.4000000000000341,1.0
418,otacilio costa,0,br,99,-27.48,78.00799999999998,1.79
419,manadhoo,20,mv,100,5.77,83.28379999999999,3.85
420,itaituba,12,br,77,-4.26,85.21879999999993,1.3
421,tasiilaq,75,gl,72,65.61,15.799999999999955,5.1
422,kontagora,0,ng,19,10.4,97.90879999999999,4.45
423,banjar,92,in,94,31.64,28.068799999999953,0.45
424,aberystwyth,92,gb,92,52.41,49.99999999999994,8.49
425,hambantota,20,lk,79,6.12,84.19999999999999,2.6
426,saint-francois,32,gp,78,16.25,75.19999999999999,6.2
427,mahibadhoo,48,mv,99,3.78,83.28379999999999,4.55
428,frome,92,gb,71,51.23,55.99399999999997,6.2
429,iqaluit,40,ca,69,63.75,-11.00200000000001,6.2
430,ginir,0,et,18,7.14,82.83380000000005,2.15
431,srivardhan,0,in,87,18.03,72.03379999999999,2.3
432,bolanos de calatrava,0,es,34,38.91,66.99200000000002,3.1
433,espanola,76,ca,92,46.27,21.991999999999962,1.45
434,saint-augustin,75,ca,78,45.63,17.99599999999998,1.5
435,eyl,8,so,86,7.98,79.95200000000006,4.35
436,ngama,0,td,20,11.78,102.09379999999993,2.2
437,kovdor,0,ru,77,67.56,10.338799999999935,1.3
438,puerto del rosario,40,es,64,28.5,67.99999999999994,5.7
439,bar harbor,1,us,92,44.39,28.994000000000028,3.6
440,muisne,90,ec,100,0.61,76.99999999999994,1.5
441,moyale,0,et,28,3.52,88.32379999999995,2.9
442,kaka,64,tm,100,37.35,40.93879999999996,0.9
443,bitlis,75,tr,61,38.4,49.99999999999994,3.6
444,high rock,20,bs,100,26.63,67.99999999999994,1.0
445,kunzelsau,90,de,100,49.28,51.99799999999999,3.6
446,bekhtery,75,ua,55,46.25,35.599999999999966,7.0
447,totma,48,ru,85,59.98,13.352000000000032,4.35
448,alto piquiri,0,br,60,-24.02,90.21379999999994,2.05
449,breytovo,8,ru,79,58.3,15.063799999999958,4.45
450,touros,80,br,100,-5.2,79.95200000000006,2.9
451,capreol,90,ca,85,46.71,19.003999999999962,3.6
452,gobabis,0,na,19,-22.45,94.53379999999999,2.3
453,rutland,90,us,92,42.37,30.19999999999999,4.6
454,imbituba,0,br,66,-28.24,84.19999999999999,5.1
455,taylorville,90,us,88,39.55,33.799999999999955,5.1
456,richards bay,64,za,73,-28.77,83.3737999999999,2.9
457,ciudad bolivar,20,ve,57,8.12,84.58879999999994,6.35
458,orebro,40,se,70,59.27,42.99799999999999,8.2
459,montoro,0,es,59,38.02,66.99200000000002,1.0
460,qasigiannguit,75,gl,79,68.82,21.19999999999999,6.7
461,urengoy,88,ru,83,65.96,18.213799999999935,7.3
462,karpogory,64,ru,78,64.0,13.802000000000021,2.6
463,trapani,75,it,82,38.02,60.80000000000001,4.6
464,sovetskiy,0,ru,82,56.76,12.36379999999997,6.6
465,sao miguel do araguaia,64,br,100,-13.28,82.92379999999986,1.05
466,clyde river,75,ca,84,70.47,3.1999999999999886,9.8
467,madaoua,24,ne,24,14.07,91.15879999999999,3.85
468,san rafael,0,ar,19,-34.61,74.50880000000001,2.3
469,chiredzi,0,zw,39,-21.05,93.40879999999999,4.35
470,veraval,0,in,80,20.9,74.91379999999998,6.0
471,sur,0,om,94,22.57,70.90879999999999,8.4
472,lagoa,0,pt,63,37.14,73.00399999999996,4.1
473,san cristobal,0,ec,100,-1.02,68.11880000000002,1.45
474,zhezkazgan,92,kz,94,47.8,39.31879999999995,10.55
475,algiers,20,dz,49,36.75,67.99999999999994,3.6
476,kargil,80,in,79,34.57,8.223799999999926,0.55
477,santa isabel do rio negro,36,br,98,-0.41,79.86379999999991,1.2
478,viedma,0,ar,52,-40.81,72.3938,3.6
479,grand-santi,8,gf,60,4.27,85.44379999999995,1.5
480,kayseri,75,tr,27,38.73,53.995999999999924,5.1
481,sorland,0,no,46,67.67,28.399999999999977,1.5
482,sandviken,44,se,37,60.62,44.99599999999998,3.13
483,malmesbury,75,za,69,-33.46,75.99200000000002,4.1
484,lima,0,pe,83,-12.06,78.00799999999998,3.6
485,caraguatatuba,40,br,88,-23.62,73.39999999999992,1.5
486,havelock,90,us,93,34.88,49.99999999999994,3.1
487,birjand,75,ir,43,32.86,51.799999999999955,1.25
488,svolvaer,0,no,36,68.23,28.399999999999977,4.6
489,kostomuksha,80,ru,76,64.59,18.258800000000008,5.5
490,teguldet,64,ru,87,57.31,21.85880000000003,1.75
491,ponta pora,0,br,58,-22.54,82.39999999999992,4.1
492,conceicao do araguaia,76,br,100,-8.26,81.84379999999993,2.0
493,synya,56,ru,76,65.37,4.623799999999903,2.3
494,charlottesville,90,us,100,38.03,37.00399999999996,1.4
495,upata,12,ve,67,8.02,82.00399999999996,2.24
496,coari,20,br,70,-4.09,87.06379999999996,2.55
497,talcahuano,0,cl,77,-36.72,58.99999999999994,2.6
498,jalu,0,ly,26,29.03,72.30199999999996,6.6
499,waddan,0,ly,15,29.16,71.94379999999995,5.45
500,ruthin,20,gb,66,53.11,53.995999999999924,7.2
501,camabatela,76,ao,80,-8.19,75.85880000000003,2.0
502,aasiaat,88,gl,99,68.71,17.763799999999947,5.8
503,upernavik,8,gl,100,72.79,1.563799999999958,2.6
504,bukavu,56,cd,100,-2.51,66.54379999999998,1.35
505,jizan,0,sa,54,16.89,84.19999999999999,8.7
506,nanortalik,56,gl,97,60.14,32.07379999999989,12.4
507,santa maria,0,cv,54,16.6,78.80000000000001,9.3
508,port blair,8,in,99,11.67,83.3737999999999,4.2
509,wamba,24,cd,88,2.14,76.44379999999995,1.2
510,itupiranga,90,br,88,-5.13,78.80000000000001,0.5
511,dasoguz,90,tm,70,41.84,48.19999999999999,7.2
512,abeche,0,td,17,13.83,98.59999999999997,2.05
513,dingle,75,ie,81,52.14,51.799999999999955,11.8
514,cabedelo,75,br,83,-6.97,80.59999999999997,3.6
515,krasnokholm,88,ru,95,51.6,32.43380000000002,5.15
516,castro,75,cl,81,-42.48,53.599999999999966,1.0
517,torbay,20,ca,45,47.66,28.003999999999962,15.4
518,chalmette,90,us,100,29.94,67.99999999999994,1.6
519,taloda,0,in,25,21.56,81.70880000000005,5.55
520,tessalit,0,ml,23,20.2,80.40199999999999,1.7
521,saraland,90,us,100,30.82,67.99999999999994,1.5
522,salinopolis,88,br,100,-0.61,78.69379999999995,3.95
523,beira,0,mz,73,-19.84,84.18380000000008,4.65
524,carutapera,56,br,92,-1.2,80.98879999999991,2.95
525,weston,90,us,80,42.37,31.999999999999943,3.1
526,taltal,8,cl,77,-25.41,70.00880000000001,1.4
527,maraa,0,br,71,-1.83,88.00880000000001,1.75
528,camacha,20,pt,63,33.08,66.19999999999999,6.2
529,paragominas,76,br,90,-3.0,82.29379999999998,1.85
530,wolsztyn,90,pl,75,52.11,44.99599999999998,2.1
531,alghero,75,it,71,40.56,57.19999999999999,5.7
532,saint-louis,0,sn,14,16.03,84.19999999999999,6.2
533,bud,75,no,91,62.91,44.599999999999966,5.1
534,saint george,75,bm,88,32.38,69.99799999999999,5.1
535,inhambane,40,mz,62,-23.87,87.80000000000001,5.1
536,khorramshahr,0,ir,25,30.43,66.19999999999999,4.1
537,jaguarari,20,br,44,-10.26,89.35880000000003,3.65
538,bukama,68,cd,87,-9.2,76.21879999999993,1.75
539,cumra,40,tr,37,37.57,55.39999999999992,5.1
540,santa cruz,0,cr,83,10.26,71.59999999999997,1.5
541,shahrud,32,ir,65,36.42,33.918799999999976,1.05
542,ripoll,20,es,59,42.2,69.00799999999998,4.1
543,murygino,0,ru,75,58.74,10.968799999999987,4.55
544,siilinjarvi,75,fi,92,63.08,30.19999999999999,6.7
545,stornoway,75,gb,75,58.21,46.39999999999998,12.3
546,omboue,76,ga,100,-1.57,79.68380000000008,0.9
547,dekar,56,bw,12,-21.53,99.30199999999996,2.95
548,taoudenni,0,ml,21,22.68,76.6237999999999,4.15
549,tazovskiy,76,ru,84,67.47,15.468799999999987,5.55
550,ubaitaba,40,br,70,-14.31,85.99999999999994,1.5
551,manaure,75,co,69,11.78,78.80000000000001,5.1
552,luba,20,gq,62,3.46,89.59999999999997,5.7
553,igarka,80,ru,81,67.47,17.718799999999987,7.25
554,waynesville,90,us,100,37.83,33.00799999999998,2.1
555,comodoro rivadavia,0,ar,48,-45.87,66.19999999999999,5.7
556,hofn,92,is,100,64.25,37.96879999999999,5.2
557,kos,75,gr,82,36.89,60.99799999999999,4.1
558,mirabad,0,af,78,30.44,52.77379999999988,3.15
559,autazes,12,br,70,-3.58,87.78379999999999,2.6
560,pandamatenga,0,bw,29,-18.54,93.7688,2.95
561,vila franca do campo,20,pt,82,37.72,62.599999999999966,7.2
562,eldama ravine,44,ke,36,0.05,73.11379999999991,2.75
563,kankan,32,gn,19,10.38,91.60880000000003,3.35
564,mocajuba,32,br,75,-2.58,84.90199999999999,1.4
565,busselton,64,au,43,-33.64,62.00600000000003,5.4
566,bambous virieux,75,mu,70,-20.34,85.99999999999994,6.7
567,filadelfia,0,py,52,-22.35,94.80199999999996,3.75
568,axim,12,gh,95,4.87,83.55199999999996,4.05
569,chernoistochinsk,88,ru,88,57.74,30.543799999999976,2.3
570,harnosand,88,se,55,62.63,39.00200000000001,6.2
571,jaen,0,es,34,37.77,67.99999999999994,2.1
572,bay roberts,20,ca,45,47.58,28.003999999999962,15.4
573,kita,8,ml,17,13.04,89.35880000000003,3.3
574,kondinskoye,88,ru,85,59.65,25.638799999999947,4.1
575,borovoy,0,ru,52,63.23,-4.8262000000000285,0.7
576,harper,0,lr,98,4.38,83.91379999999998,4.0
577,roura,88,gf,83,4.73,78.80000000000001,4.1
578,yarada,75,in,78,17.65,80.59999999999997,3.6
579,vadlapudi,12,in,77,14.32,78.96379999999994,3.3
580,morondava,32,mg,77,-20.3,86.56879999999995,2.25
581,itaqui,0,br,46,-29.13,90.57379999999995,3.65
582,havre-saint-pierre,20,ca,56,50.23,12.199999999999989,6.7
583,palora,75,ec,83,-1.7,69.80000000000001,1.0
584,beroroha,88,mg,51,-21.68,88.41379999999998,1.6
585,zlocieniec,76,pl,73,53.53,42.00799999999998,0.89
586,osorno,75,cl,82,-40.57,55.39999999999992,3.1
587,iquique,0,cl,64,-20.22,73.39999999999992,2.1
588,alakurtti,0,ru,72,66.96,15.99799999999999,2.68
589,masty,75,by,50,53.42,30.19999999999999,3.0
590,karlovac,0,hr,44,45.49,60.99799999999999,3.1
591,pokhara,0,np,82,28.21,43.86379999999997,0.9
592,felanitx,20,es,72,39.47,62.995999999999924,7.2
593,umuarama,0,br,60,-23.76,90.21379999999994,2.05
594,neuquen,0,ar,48,-38.95,64.39999999999992,2.1
595,kambove,64,cd,92,-10.88,70.05199999999996,2.05
596,ouallam,8,ne,14,14.32,90.66379999999998,3.45
597,ancud,75,cl,81,-41.87,53.599999999999966,1.0
598,fatezh,44,ru,80,52.09,24.99799999999999,4.92
599,demirci,56,tr,61,39.05,49.30880000000002,1.05
600,sao jose da coroa grande,56,br,73,-8.9,86.25200000000001,3.9
601,reitz,0,za,23,-27.8,85.17379999999986,5.45
602,janesville,90,us,85,42.68,26.00600000000003,6.7
603,sao felix do xingu,36,br,81,-6.64,82.60880000000003,0.85
604,bilma,20,ne,19,18.69,83.50880000000001,3.2
605,kalmunai,92,lk,84,7.42,79.86379999999991,2.4
606,cidreira,0,br,57,-30.17,85.93879999999996,5.4
607,kang,0,bw,13,-23.67,98.22379999999993,3.85
608,asyut,0,eg,40,27.18,67.99999999999994,6.7
609,san ramon,75,bo,94,-13.27,80.59999999999997,2.1
610,diego de almagro,0,cl,78,-26.39,71.35880000000003,1.5
611,vestmannaeyjar,75,is,100,63.44,37.39999999999998,5.1
612,ponta delgada,20,pt,82,37.73,62.599999999999966,7.2
613,finnsnes,0,no,57,69.23,21.19999999999999,3.1
614,kedrovyy,40,ru,85,56.17,22.999999999999943,1.2
615,mandal,76,in,39,25.44,73.74380000000002,2.9
616,jutai,76,br,87,-1.71,80.98879999999991,1.6
617,awjilah,0,ly,28,29.14,71.22379999999993,7.35
618,coquimbo,90,cl,87,-29.95,58.99999999999994,2.1
619,mpongwe,12,zm,44,-13.51,83.95880000000005,3.0
620,krasnotorka,88,ua,91,48.68,29.6438,4.8
621,yarim,48,ye,32,14.3,71.2688,1.4
622,ushtobe,32,kz,69,45.25,31.758800000000008,1.2
623,puerto colombia,20,co,83,10.99,78.80000000000001,3.1
624,roald,75,no,89,62.58,44.599999999999966,5.1
625,margate,80,za,94,-30.86,73.5188,3.75
626,great yarmouth,75,gb,81,52.61,55.00399999999996,5.1
627,kayerkan,76,ru,81,69.35,16.008800000000008,8.25
628,araure,8,ve,61,9.59,85.48879999999991,1.95
629,amapa,36,br,78,-1.83,84.90199999999999,1.75
630,ostrovnoy,12,ru,74,68.05,9.213799999999935,3.75
631,santa cruz cabralia,20,br,66,-16.28,85.99999999999994,4.6
632,takoradi,32,gh,91,4.89,85.17379999999986,3.45
633,ust-ishim,48,ru,84,57.69,16.68380000000002,3.6
634,maues,64,br,78,-3.38,85.2638,2.05
635,port-gentil,75,ga,78,-0.72,82.39999999999992,4.1
636,gazojak,12,tm,87,41.19,43.59379999999999,5.5
637,padang,40,id,83,-0.92,80.59999999999997,1.5
638,itarema,88,br,100,-2.92,78.24380000000002,2.2
639,jacareacanga,92,br,88,-6.22,79.05199999999996,1.15
640,barreirinha,76,br,97,-2.8,77.79379999999998,1.2
641,alexandria,20,eg,45,31.2,64.39999999999992,7.7
